accel_x,accel_y,accel_z,gyro_x,gyro_y,gyro_z,temp_c,category
-1.1,-3.44,6.98,0.04,-0.19,0.5,22.64,3
-1.05,-1.7,8.31,-0.26,-0.13,0.5,22.64,3
-1.31,-1.19,8.11,-0.01,-0.47,0.6,22.65,3
-0.98,-0.2,9.24,0.24,-0.59,0.55,22.65,3
-0.33,0.28,9.29,0.35,-0.58,0.56,22.65,3
0.65,1.17,9.55,0.49,-0.57,0.55,22.65,3
0.76,4.34,12.44,0.27,-0.17,0.36,22.66,3
0.26,4.09,10.43,-0.02,0.24,-0.18,22.66,3
0.1,2.31,10.26,-0.03,0.47,-0.82,22.66,3
-0.01,1.22,9.84,-0.3,0.24,-0.81,22.65,3
-0.0,-0.45,8.71,-0.53,0.35,-0.93,22.66,3
-0.49,-0.87,8.46,-0.44,0.26,-0.8,22.66,3
-0.55,-1.47,8.05,-0.18,0.23,-0.68,22.65,3
-0.43,-2.92,7.07,-0.11,0.2,-0.46,22.66,3
-0.38,-3.45,6.41,0.33,0.09,0.02,22.65,3
-1.31,-3.11,7.06,0.05,-0.08,0.57,22.66,3
-1.73,-2.07,7.52,0.16,0.02,0.68,22.65,3
-1.47,-0.75,8.66,-0.02,-0.29,0.9,22.67,3
-1.41,-0.13,8.15,0.09,-0.82,1.02,22.66,3
0.43,0.37,9.35,0.2,-0.79,0.98,22.66,3
0.69,3.18,11.31,0.74,-0.63,0.95,22.67,3
0.71,6.0,12.45,0.35,-0.07,0.33,22.66,3
-0.01,4.48,10.65,-0.01,0.4,-0.51,22.66,3
-0.11,3.0,10.58,-0.6,0.3,-0.97,22.66,3
0.36,-0.27,8.18,-0.74,0.34,-1.14,22.67,3
-0.19,-1.46,8.14,-0.5,0.41,-0.89,22.66,3
-0.58,-1.76,7.92,-0.36,0.25,-0.74,22.67,3
-0.25,-2.63,7.97,-0.46,0.17,-0.58,22.66,3
0.05,-3.48,6.76,-0.01,0.15,-0.33,22.67,3
-0.92,-3.22,7.65,0.01,-0.07,0.27,22.67,3
-0.77,-3.31,7.09,0.01,-0.01,0.43,22.67,3
-1.39,-2.79,7.57,0.34,-0.13,0.49,22.67,3
-1.97,-1.18,8.29,0.38,-0.35,0.76,22.67,3
-0.55,-0.23,9.1,0.53,-0.4,0.74,22.67,3
-0.44,0.38,8.61,0.33,-0.54,0.75,22.66,3
0.06,2.57,10.35,0.4,-0.57,0.59,22.67,3
-0.09,5.08,12.48,0.33,-0.09,0.19,22.67,3
0.12,3.38,10.79,-0.11,0.23,-0.2,22.68,3
-0.68,2.76,10.47,-0.52,0.19,-0.58,22.67,3
-0.01,0.56,9.0,-0.61,0.36,-0.79,22.68,3
-0.69,-1.12,8.36,-0.53,0.17,-0.62,22.68,3
-0.8,-1.32,8.31,-0.31,0.11,-0.48,22.67,3
-1.2,-1.99,7.8,-0.25,0.2,-0.6,22.67,3
-0.22,-3.46,6.71,-0.02,0.06,-0.48,22.67,3
-0.49,-2.83,7.93,0.02,0.01,-0.04,22.68,3
-0.94,-3.48,7.47,0.27,-0.01,0.37,22.68,3
-0.75,-2.83,7.43,0.29,-0.09,0.44,22.68,3
-0.57,-2.04,7.65,0.07,-0.17,0.69,22.67,3
-0.96,-0.57,8.5,0.11,-0.18,0.63,22.67,3
-1.34,-0.33,8.0,0.08,-0.49,0.54,22.67,3
-0.18,0.4,10.16,0.01,-0.69,0.53,22.69,3
0.06,1.86,10.97,0.26,-0.38,0.45,22.69,3
-0.37,3.58,11.77,0.2,-0.03,0.14,22.68,3
0.0,2.42,10.92,-0.05,0.19,-0.13,22.68,3
-0.37,1.47,10.29,-0.27,0.25,-0.62,22.67,3
0.25,-0.47,8.68,-0.31,0.23,-0.7,22.67,3
-0.93,-1.0,8.2,0.11,0.11,-0.56,22.68,3
-0.6,-1.29,8.03,-0.12,0.13,-0.7,22.68,3
-0.77,-1.57,8.3,-0.1,0.17,-0.64,22.68,3
0.25,-2.64,7.59,-0.32,0.04,-0.72,22.67,3
-0.07,-3.7,7.24,0.07,0.05,0.09,22.67,3
-0.67,-2.8,7.39,0.31,0.07,0.46,22.67,3
-0.61,-1.19,8.88,0.33,0.03,0.49,22.69,3
-0.9,0.12,9.86,-0.09,-0.36,0.81,22.68,3
-0.57,-0.11,8.85,0.04,-0.45,0.55,22.69,3
-0.07,0.37,9.21,0.17,-0.81,0.81,22.68,3
0.3,2.01,10.55,0.48,-0.68,0.67,22.67,3
0.61,4.53,12.26,0.41,-0.26,0.34,22.68,3
0.46,3.73,11.44,-0.1,0.3,-0.12,22.68,3
-0.52,2.82,10.33,-0.11,0.52,-0.64,22.67,3
-0.28,1.25,9.44,-0.33,0.37,-0.77,22.69,3
-0.61,0.02,8.75,-0.4,0.22,-0.87,22.69,3
-0.83,-1.12,8.06,-0.28,0.22,-0.81,22.68,3
-0.54,-0.74,8.75,-0.21,0.16,-0.78,22.68,3
-0.27,-2.57,7.8,-0.36,0.11,-0.47,22.67,3
0.34,-3.44,7.42,0.13,0.04,-0.25,22.68,3
-0.29,-3.17,7.71,0.13,0.1,0.35,22.68,3
-0.88,-1.85,7.93,0.39,0.08,0.37,22.68,3
-0.65,-1.28,8.59,0.14,-0.23,0.67,22.68,3
-0.94,-0.06,8.77,0.61,-0.41,0.92,22.69,3
-0.89,1.4,9.75,0.26,-0.57,0.74,22.69,3
0.18,2.22,9.93,0.44,-0.69,0.77,22.68,3
0.54,5.03,11.87,0.37,-0.27,0.63,22.68,3
0.43,4.54,11.31,-0.19,0.16,-0.07,22.7,3
-0.67,3.25,10.66,-0.26,0.52,-0.64,22.69,3
-0.83,1.3,8.89,-0.42,0.39,-0.87,22.69,3
-0.65,-0.14,9.01,-0.22,0.03,-0.83,22.68,3
0.29,-0.89,8.76,-0.3,0.1,-0.72,22.68,3
0.2,-1.43,8.8,-0.4,0.19,-0.49,22.67,3
-0.25,-2.3,7.47,-0.4,0.07,-0.24,22.67,3
-0.17,-2.64,6.87,0.14,-0.02,0.01,22.68,3
0.11,-2.94,7.66,-0.18,-0.07,0.25,22.69,3
-0.48,-2.57,7.77,0.27,0.04,0.45,22.67,3
-0.97,-2.38,7.11,0.19,-0.15,0.45,22.68,3
-0.45,-1.81,7.51,0.4,-0.22,0.36,22.69,3
0.23,0.1,8.91,0.38,-0.41,0.65,22.68,3
1.05,2.03,9.95,0.3,-0.66,0.75,22.68,3
0.85,4.44,11.56,0.35,-0.45,0.69,22.69,3
0.65,4.5,11.59,-0.07,0.09,0.06,22.69,3
-0.85,3.89,11.12,-0.2,0.54,-0.65,22.68,3
-0.5,1.57,9.17,-0.35,0.39,-1.01,22.68,3
0.76,0.38,8.88,-0.55,0.17,-0.98,22.68,3
0.1,-1.15,8.49,-0.25,0.3,-0.84,22.69,3
-0.78,-1.62,7.81,-0.15,-0.04,-0.49,22.67,3
-0.03,-1.38,7.81,-0.26,-0.14,-0.47,22.68,3
0.8,-3.69,6.99,-0.16,0.06,-0.01,22.69,3
-0.17,-2.29,8.35,0.17,0.19,0.39,22.68,3
-1.34,-1.27,8.47,0.08,0.01,0.55,22.68,3
-1.07,-0.59,8.21,0.13,-0.2,0.71,22.68,3
-0.96,0.78,8.69,0.31,-0.53,0.94,22.69,3
-0.53,1.73,9.02,0.3,-0.71,0.85,22.68,3
0.53,2.91,10.47,0.55,-0.62,0.69,22.68,3
0.55,4.83,11.22,0.24,-0.3,0.63,22.69,3
-0.15,5.81,10.85,-0.05,0.04,0.05,22.68,3
-0.14,4.68,10.43,-0.15,0.22,-0.35,22.69,3
-0.22,3.36,9.74,-0.45,0.36,-0.8,22.69,3
-0.1,1.47,8.94,-0.34,0.22,-0.96,22.68,3
0.66,-0.28,8.39,-0.36,0.14,-1.01,22.68,3
-0.64,-0.53,7.68,-0.18,0.32,-0.71,22.67,3
-0.69,-1.35,8.38,-0.33,0.01,-0.7,22.68,3
0.86,-2.61,7.57,0.15,0.04,-0.39,22.68,3
-0.44,-2.38,7.66,-0.13,0.06,0.29,22.68,3
-0.55,-2.14,7.54,0.1,0.05,0.68,22.67,3
-0.87,-1.25,8.3,-0.01,-0.03,0.8,22.68,3
-0.75,-1.01,7.66,-0.35,-0.37,0.84,22.7,3
-0.79,0.98,8.93,0.56,-0.53,1.18,22.69,3
-0.54,2.34,10.11,0.48,-0.61,0.81,22.68,3
0.7,2.55,9.88,0.63,-0.57,0.78,22.69,3
-0.28,6.64,13.21,0.15,-0.18,0.31,22.68,3
0.74,3.97,10.63,-0.23,0.47,-0.61,22.69,3
-0.54,2.89,10.2,-0.31,0.61,-1.19,22.69,3
-0.27,0.92,9.28,-0.22,0.25,-0.98,22.69,3
-0.74,-0.07,8.68,-0.11,0.14,-0.79,22.68,3
-0.02,-0.62,8.61,-0.4,0.15,-0.62,22.69,3
-1.02,-1.56,7.67,-0.22,0.21,-0.46,22.7,3
-1.04,-1.93,7.5,0.18,-0.04,-0.36,22.69,3
0.37,-2.49,8.06,0.07,-0.04,0.14,22.69,3
-0.65,-2.47,7.61,0.04,-0.04,0.53,22.68,3
-1.22,-1.18,8.43,0.16,-0.05,0.65,22.68,3
-1.33,-0.28,8.78,0.02,-0.23,0.6,22.69,3
-1.38,0.18,8.48,-0.07,-0.42,0.62,22.68,3
-0.17,0.71,8.86,0.26,-0.54,0.77,22.69,3
0.15,1.57,9.17,0.44,-0.67,0.88,22.68,3
0.42,3.39,10.68,0.4,-0.42,0.61,22.69,3
0.32,5.45,11.91,-0.04,0.04,0.09,22.7,3
-0.26,4.11,10.53,-0.21,0.45,-0.46,22.7,3
-0.57,2.49,9.56,-0.25,0.42,-0.91,22.69,3
-0.56,1.05,9.1,-0.19,0.33,-1.09,22.7,3
-0.46,-0.17,8.48,-0.27,0.18,-1.05,22.69,3
-0.28,-1.22,7.73,-0.33,-0.03,-0.61,22.68,3
-1.53,-1.26,8.19,-0.1,0.03,-0.55,22.69,3
0.17,-2.57,7.62,0.09,0.05,-0.34,22.69,3
-0.57,-2.63,7.4,-0.01,0.17,0.22,22.69,3
-1.85,-1.95,6.71,0.25,0.21,0.26,22.69,3
-2.31,0.02,9.29,0.26,0.08,0.25,22.69,3
-1.22,0.13,9.22,0.31,-0.3,0.63,22.69,3
-1.1,0.96,9.21,0.42,-0.31,0.59,22.7,3
-0.07,0.68,8.46,0.35,-0.33,0.5,22.69,3
-0.7,3.19,9.81,0.61,-0.56,0.79,22.69,3
0.42,6.18,12.55,0.07,-0.42,0.5,22.69,3
0.59,4.47,10.6,-0.51,0.18,-0.15,22.69,3
-0.11,2.14,10.28,-0.41,0.57,-0.72,22.7,3
-0.4,0.44,9.21,-0.3,0.49,-0.85,22.7,3
-1.11,-0.05,8.26,-0.37,0.13,-0.7,22.69,3
-1.22,-0.71,8.01,-0.35,-0.1,-0.56,22.7,3
-1.46,-1.16,7.78,-0.17,-0.2,-0.19,22.69,3
0.93,-3.94,6.96,-0.43,-0.01,-0.31,22.7,3
-0.71,-2.86,7.92,0.14,0.09,0.05,22.69,3
-0.62,-3.06,6.89,0.16,0.05,0.33,22.7,3
-1.61,-1.78,7.47,0.35,0.05,0.45,22.69,3
-1.68,-0.82,8.0,0.11,-0.27,0.69,22.69,3
-1.31,0.25,8.63,0.31,-0.32,0.67,22.7,3
-0.83,1.09,8.93,0.48,-0.37,0.6,22.7,3
0.41,2.19,9.52,0.34,-0.58,0.73,22.69,3
-0.33,5.34,12.24,0.08,-0.4,0.9,22.7,3
0.66,4.18,11.54,-0.3,0.06,-0.2,22.7,3
-0.29,3.13,10.58,-0.4,0.49,-0.71,22.7,3
-0.37,0.71,8.71,-0.34,0.3,-0.8,22.7,3
1.07,-0.49,8.79,-0.64,0.07,-0.51,22.7,3
0.81,-1.66,8.32,-0.57,0.15,-0.57,22.69,3
-0.14,-2.56,8.23,-0.48,0.29,-0.41,22.7,3
0.23,-2.64,7.55,-0.14,0.05,-0.37,22.67,3
0.12,-3.02,7.77,0.0,0.0,0.03,22.69,3
0.01,-3.24,7.42,0.15,-0.03,0.15,22.7,3
0.07,-2.43,8.31,0.14,-0.08,0.43,22.7,3
-0.42,-0.5,9.66,0.29,-0.37,1.02,22.69,3
-1.12,0.7,9.65,0.02,-0.58,0.94,22.69,3
-0.3,0.32,9.02,0.26,-0.65,0.8,22.69,3
-0.42,2.63,10.3,0.66,-0.51,0.56,22.7,3
0.65,3.86,11.99,0.1,-0.42,0.33,22.71,3
1.05,3.6,11.12,-0.14,0.2,-0.18,22.69,3
-0.23,3.03,10.83,-0.21,0.3,-0.53,22.7,3
0.1,0.69,9.33,-0.27,0.33,-0.86,22.71,3
0.6,0.27,9.05,-0.16,0.29,-0.94,22.7,3
-0.33,-0.75,8.99,-0.25,0.28,-0.83,22.7,3
-0.16,-1.25,8.68,-0.45,0.01,-0.59,22.69,3
0.08,-3.11,6.92,-0.12,0.05,-0.4,22.69,3
0.3,-2.68,7.78,0.05,0.03,-0.1,22.69,3
0.14,-2.87,7.95,0.15,0.05,0.2,22.69,3
-0.37,-1.87,8.08,0.3,0.04,0.3,22.69,3
-0.85,-1.09,8.5,0.68,-0.13,0.44,22.69,3
-0.66,0.31,9.28,0.57,-0.18,0.74,22.7,3
-0.27,0.74,8.67,0.52,-0.37,0.86,22.71,3
0.4,2.01,9.52,0.65,-0.3,0.68,22.7,3
0.17,4.17,10.22,0.6,-0.3,0.68,22.71,3
0.68,4.91,10.87,0.15,-0.18,0.29,22.69,3
0.05,5.41,11.05,-0.24,0.14,-0.24,22.71,3
-0.5,4.29,10.94,-0.62,0.44,-0.88,22.71,3
1.1,0.37,8.53,-0.81,0.35,-1.13,22.7,3
0.2,-1.19,7.41,-0.18,0.56,-1.16,22.7,3
-0.2,-0.79,8.1,-0.7,-0.03,-0.78,22.7,3
0.16,-2.18,7.67,-0.67,-0.04,-0.69,22.7,3
0.96,-3.78,7.3,-0.13,0.05,-0.37,22.69,3
0.25,-2.77,8.24,0.1,0.12,0.17,22.68,3
0.11,-3.51,6.77,0.12,0.15,0.28,22.69,3
-0.31,-2.43,7.93,0.29,-0.04,0.51,22.68,3
-1.19,-1.28,8.84,0.24,-0.44,0.9,22.69,3
-0.48,-0.32,8.66,0.49,-0.46,0.89,22.7,3
0.04,0.24,8.64,0.38,-0.47,0.53,22.71,3
0.48,1.44,10.31,0.29,-0.34,0.51,22.7,3
1.05,1.92,10.07,0.39,-0.17,0.31,22.71,3
-0.39,4.97,12.64,0.04,0.03,-0.01,22.7,3
0.17,3.19,10.9,-0.31,0.3,-0.37,22.71,3
-0.01,1.28,9.85,-0.65,0.5,-0.78,22.7,3
-0.07,-0.94,8.62,-0.49,0.44,-0.9,22.7,3
-0.1,-1.87,7.74,-0.34,0.27,-0.62,22.7,3
-1.24,-1.77,7.68,-0.2,0.16,-0.57,22.7,3
-1.61,-1.67,7.44,-0.03,0.08,-0.56,22.69,3
-0.48,-2.05,8.76,-0.58,0.09,-0.5,22.7,3
0.52,-4.22,6.96,0.01,0.1,-0.17,22.71,3
-0.28,-3.73,7.04,-0.04,0.03,0.31,22.7,3
-0.19,-2.67,7.41,0.29,-0.23,0.7,22.71,3
-1.0,-1.46,8.46,0.33,-0.26,0.75,22.71,3
-0.56,-0.62,8.65,0.33,-0.32,0.68,22.7,3
-0.18,0.08,8.62,0.33,-0.45,0.57,22.71,3
0.38,1.53,10.03,0.79,-0.63,0.93,22.7,3
0.52,4.68,12.53,0.55,-0.48,0.72,22.71,3
0.34,4.9,12.06,-0.22,0.14,-0.09,22.72,3
0.05,2.44,10.23,-0.2,0.54,-0.62,22.7,3
0.15,1.03,9.53,-0.52,0.32,-0.95,22.7,3
0.15,-0.89,8.22,-0.46,0.31,-0.77,22.7,3
-0.32,-1.27,7.95,-0.04,-0.07,-0.43,22.71,3
-0.18,-1.25,8.62,-0.4,0.16,-0.52,22.69,3
-0.24,-2.18,8.43,-0.3,0.21,-0.53,22.71,3
-0.56,-3.0,7.29,-0.16,0.17,-0.48,22.7,3
-0.42,-3.1,7.16,0.17,0.07,0.05,22.69,3
-0.69,-3.53,7.1,0.12,0.02,0.36,22.7,3
-0.72,-1.98,7.76,0.45,-0.06,0.57,22.7,3
-1.16,-1.01,8.43,0.37,-0.31,0.8,22.7,3
-0.91,-0.07,8.77,0.26,-0.64,0.94,22.71,3
0.21,0.64,8.9,0.24,-0.86,1.0,22.7,3
0.8,2.13,9.3,0.51,-0.66,0.84,22.71,3
-0.15,5.69,13.0,0.33,-0.36,0.54,22.7,3
0.59,4.69,11.82,-0.34,0.25,-0.24,22.72,3
-0.1,2.94,10.04,-0.36,0.41,-0.58,22.72,3
0.16,0.82,9.4,-0.59,0.44,-1.03,22.7,3
0.55,-1.46,8.28,-0.57,0.22,-0.69,22.71,3
-0.42,-1.66,8.51,-0.76,-0.06,-0.18,22.69,3
-0.7,-2.28,7.58,-0.25,0.1,-0.43,22.69,3
0.51,-3.46,6.74,0.03,0.13,-0.52,22.7,3
0.14,-2.56,8.23,0.05,0.12,-0.08,22.7,3
0.29,-3.1,7.62,0.26,0.13,0.27,22.69,3
-0.47,-1.34,8.77,0.12,0.03,0.52,22.7,3
-0.77,-1.73,8.53,0.26,-0.28,0.68,22.71,3
-0.51,-0.58,9.39,0.15,-0.49,0.84,22.7,3
-0.06,-0.29,8.45,0.11,-0.65,0.72,22.71,3
0.14,0.71,8.87,0.32,-0.79,0.6,22.71,3
1.13,3.16,10.61,0.68,-0.56,0.55,22.71,3
0.79,4.84,12.54,-0.06,0.04,0.0,22.72,3
0.04,3.35,10.61,-0.19,0.55,-0.52,22.71,3
-0.23,1.86,9.66,-0.34,0.49,-0.8,22.71,3
-0.44,0.6,8.85,-0.46,0.27,-0.87,22.72,3
-0.23,-0.85,9.01,-0.64,0.04,-0.75,22.71,3
-0.35,-1.89,8.48,-0.36,0.13,-0.62,22.71,3
-0.77,-1.32,9.05,0.11,0.14,-0.53,22.69,3
-0.67,-1.93,7.85,-0.14,0.02,-0.54,22.7,3
0.52,-2.86,7.46,0.02,0.07,-0.18,22.7,3
0.15,-4.08,6.4,0.13,0.11,0.31,22.71,3
-0.35,-2.14,7.64,0.51,-0.06,0.92,22.71,3
-0.82,-0.51,8.88,0.41,-0.35,1.01,22.71,3
-0.86,-0.05,8.9,0.02,-0.44,0.72,22.71,3
-0.08,-0.11,8.52,0.15,-0.58,0.73,22.7,3
-0.12,2.26,9.97,0.04,-0.68,1.21,22.72,3
0.42,4.93,12.29,0.39,-0.48,0.48,22.71,3
0.92,4.25,11.94,-0.17,0.11,-0.25,22.72,3
-0.0,3.61,11.5,-0.16,0.37,-0.65,22.71,3
0.08,1.54,9.8,-0.41,0.39,-0.94,22.7,3
0.0,0.11,8.87,-0.61,0.32,-0.9,22.71,3
0.3,-1.56,7.62,-0.58,0.38,-0.8,22.71,3
-0.48,-2.41,7.6,-0.52,0.2,-0.67,22.7,3
-1.04,-3.17,7.61,-0.39,0.2,-0.53,22.71,3
-0.28,-3.03,7.57,-0.07,0.13,-0.51,22.71,3
-0.45,-4.23,6.56,0.15,0.05,0.15,22.71,3
-0.66,-3.85,6.99,0.14,-0.1,0.51,22.72,3
-0.62,-3.4,6.78,0.53,-0.01,0.54,22.72,3
-1.05,-1.34,8.35,0.42,-0.4,0.82,22.71,3
-0.9,-0.07,9.21,0.31,-0.48,0.83,22.72,3
0.14,0.04,8.76,0.5,-0.57,0.78,22.71,3
0.77,2.0,9.52,0.67,-0.59,0.83,22.71,3
-0.47,5.18,12.72,0.4,-0.33,0.44,22.72,3
0.41,4.37,11.85,-0.3,0.23,-0.27,22.71,3
-0.9,2.84,10.37,-0.47,0.33,-0.73,22.7,3
0.29,-0.28,8.02,-0.7,0.4,-1.07,22.7,3
0.06,-1.08,8.73,-0.4,0.32,-0.87,22.71,3
-0.89,-1.35,8.51,-0.37,0.2,-0.62,22.7,3
-1.27,-2.12,8.02,-0.44,0.14,-0.48,22.7,3
-0.86,-3.0,7.55,-0.39,0.07,-0.38,22.71,3
0.03,-3.78,6.68,0.09,0.12,-0.07,22.7,3
-1.19,-2.91,7.58,0.21,-0.06,0.24,22.7,3
-0.62,-2.98,7.41,0.35,-0.07,0.43,22.69,3
-1.19,-1.54,8.7,0.23,-0.15,0.71,22.7,3
-0.88,-0.85,8.91,0.42,-0.27,0.7,22.7,3
-1.12,0.14,8.98,0.45,-0.44,0.7,22.7,3
-0.76,1.06,9.32,0.82,-0.44,0.63,22.71,3
0.24,3.2,10.57,0.73,-0.67,0.71,22.71,3
-0.52,5.71,13.27,0.13,-0.19,0.24,22.71,3
-0.23,4.29,11.25,-0.43,0.27,-0.27,22.7,3
-0.62,2.41,9.9,-0.54,0.28,-0.58,22.7,3
0.45,0.37,9.48,-0.68,0.12,-0.62,22.7,3
-0.01,-1.54,8.57,-0.68,0.26,-0.65,22.71,3
-0.19,-1.63,8.36,-0.17,0.45,-0.79,22.7,3
-1.27,-1.13,8.22,-0.03,0.19,-0.56,22.7,3
-0.24,-1.51,8.63,-0.36,-0.16,-0.35,22.7,3
-0.1,-3.49,7.66,-0.29,0.09,-0.22,22.71,3
-0.74,-3.36,6.99,0.32,0.17,0.04,22.71,3
-0.34,-3.48,6.28,0.26,0.12,0.25,22.72,3
-1.32,-1.93,8.13,0.12,-0.16,0.65,22.71,3
-1.46,-1.71,7.92,0.35,-0.48,0.76,22.71,3
-1.05,-0.13,8.63,0.51,-0.45,0.63,22.7,3
-0.38,1.03,9.12,0.57,-0.61,0.63,22.7,3
0.45,2.5,10.35,0.52,-0.63,0.64,22.72,3
-0.1,5.17,12.8,0.2,-0.13,0.19,22.71,3
0.31,3.35,10.66,-0.4,0.31,-0.26,22.7,3
-1.26,3.07,10.58,-0.56,0.48,-0.66,22.7,3
-0.51,1.07,9.61,-0.65,0.38,-1.03,22.71,3
-0.13,-0.3,8.42,-0.62,0.18,-0.88,22.71,3
-0.37,-1.87,7.94,-0.51,0.21,-0.7,22.71,3
-1.25,-2.58,7.34,-0.2,0.05,-0.46,22.7,3
0.2,-3.57,7.17,-0.23,0.02,-0.31,22.69,3
-0.89,-3.09,7.35,0.17,0.2,0.13,22.71,3
-0.94,-3.47,7.42,0.24,0.06,0.35,22.7,3
-0.67,-2.52,7.5,0.22,-0.09,0.81,22.71,3
-1.86,-0.93,8.07,0.26,-0.15,0.69,22.7,3
-1.53,-0.41,8.51,0.18,-0.39,0.67,22.7,3
-0.49,-0.38,8.98,0.23,-0.71,0.74,22.71,3
-0.07,1.61,9.86,0.65,-0.62,0.87,22.71,3
-1.11,4.86,12.58,0.5,-0.25,0.63,22.72,3
-0.74,4.29,11.53,-0.24,0.2,-0.2,22.71,3
-1.28,3.07,10.02,-0.32,0.41,-0.75,22.71,3
-0.21,0.74,9.57,-0.55,0.27,-1.15,22.7,3
-0.01,-1.62,8.53,-0.5,0.14,-0.9,22.69,3
0.23,-2.41,7.94,-0.41,0.15,-0.63,22.69,3
-0.23,-2.26,7.95,-0.25,0.23,-0.5,22.7,3
-0.6,-2.52,7.56,-0.26,0.04,-0.37,22.7,3
-0.17,-2.38,7.72,0.01,0.05,-0.2,22.69,3
-0.12,-3.45,7.56,0.18,0.15,0.16,22.69,3
-0.6,-2.5,7.86,0.25,0.1,0.51,22.71,3
-1.26,-1.78,8.4,0.22,-0.13,0.68,22.7,3
-1.37,-0.86,8.1,0.35,-0.46,0.87,22.69,3
-0.52,-0.39,8.69,0.41,-0.77,0.83,22.69,3
0.25,0.82,10.53,0.47,-0.77,0.8,22.7,3
0.02,2.77,10.54,0.67,-0.37,0.65,22.7,3
0.56,4.04,12.3,-0.13,0.04,-0.02,22.71,3
-0.8,3.64,11.41,-0.17,0.5,-0.4,22.7,3
-0.32,1.72,10.01,-0.44,0.58,-1.09,22.71,3
-0.78,-0.61,8.95,-0.3,0.44,-0.9,22.7,3
-0.88,-1.11,8.52,-0.34,0.33,-0.92,22.69,3
-0.59,-1.64,8.06,-0.41,0.15,-0.6,22.71,3
-0.92,-1.96,7.52,-0.3,0.1,-0.37,22.69,3
-0.22,-2.99,7.06,-0.15,0.03,-0.28,22.69,3
-0.28,-3.56,7.5,0.06,0.1,0.09,22.7,3
-0.98,-3.71,6.44,0.17,0.07,0.47,22.71,3
-1.62,-1.6,8.12,0.24,-0.07,0.64,22.7,3
-2.06,-0.25,8.93,0.21,-0.44,0.9,22.71,3
-1.54,-0.44,8.46,-0.19,-0.75,0.69,22.69,3
-0.08,-0.54,8.72,0.06,-0.97,0.54,22.69,3
1.7,0.78,10.19,0.59,-0.93,0.63,22.7,3
0.17,5.03,13.88,0.48,-0.31,0.55,22.71,3
0.23,3.81,11.46,-0.23,0.32,-0.28,22.71,3
-0.35,2.63,10.57,-0.26,0.46,-0.75,22.71,3
0.52,-0.24,8.99,-0.44,0.41,-0.88,22.7,3
-0.65,-0.98,9.05,-0.49,0.33,-0.81,22.7,3
-0.29,-1.71,8.45,-0.44,0.16,-0.55,22.69,3
-0.79,-2.37,7.99,-0.62,0.26,-0.49,22.68,3
0.39,-4.79,5.11,-0.2,0.08,-0.33,22.69,3
-0.3,-2.51,8.28,0.21,0.14,0.05,22.68,3
-0.06,-3.64,7.2,0.09,0.11,0.28,22.69,3
-1.19,-2.61,7.21,0.42,0.05,0.42,22.68,3
-1.76,-1.0,8.9,0.39,-0.26,0.72,22.69,3
-1.5,0.02,9.69,0.18,-0.59,0.74,22.69,3
-0.76,0.48,9.45,0.48,-0.57,0.89,22.7,3
-0.01,2.04,11.22,0.35,-0.85,0.7,22.7,3
-0.38,4.24,13.15,0.18,-0.19,0.32,22.7,3
0.23,2.23,10.44,-0.25,0.24,-0.28,22.7,3
-0.97,1.62,10.66,-0.17,0.45,-0.57,22.69,3
-0.36,-0.59,9.4,-0.43,0.36,-0.8,22.69,3
-0.28,-1.6,8.34,-0.32,0.26,-0.62,22.7,3
-0.68,-1.22,8.38,-0.31,0.26,-0.54,22.7,3
-1.39,-2.0,7.68,-0.23,0.37,-0.5,22.68,3
-0.67,-3.23,7.28,-0.33,0.35,-0.5,22.68,3
0.11,-4.13,6.21,0.05,0.12,-0.07,22.69,3
-1.05,-3.6,6.7,0.35,-0.17,0.32,22.69,3
-0.3,-2.97,7.03,0.66,-0.09,0.37,22.68,3
-1.06,-0.57,9.32,0.45,-0.11,0.52,22.69,3
-1.46,-0.54,9.06,0.26,-0.42,0.78,22.69,3
-1.35,0.75,10.23,0.23,-0.54,0.74,22.68,3
-0.99,1.9,10.67,0.24,-0.74,0.88,22.69,3
-0.88,3.82,12.41,0.18,-0.11,0.17,22.69,3
0.06,1.73,10.71,-0.11,0.21,-0.31,22.69,3
-1.12,1.34,10.34,-0.22,0.2,-0.54,22.68,3
-0.3,-0.06,9.43,-0.37,0.2,-0.69,22.68,3
-0.46,-1.06,8.88,-0.49,0.06,-0.6,22.68,3
-0.03,-0.82,9.54,-0.36,0.22,-0.59,22.68,3
-0.53,-2.24,8.31,-0.56,0.14,-0.67,22.68,3
0.29,-2.15,8.39,-0.35,0.23,-0.59,22.68,3
0.57,-4.41,5.9,-0.21,0.08,-0.29,22.67,3
0.11,-3.67,7.82,0.14,0.07,0.23,22.68,3
-0.52,-3.62,7.25,0.31,-0.06,0.56,22.68,3
-0.41,-1.79,9.38,0.4,-0.0,0.53,22.69,3
-1.02,-0.75,8.74,0.21,-0.16,0.69,22.68,3
-1.57,-0.09,8.28,0.55,-0.07,0.53,22.69,3
-0.77,0.84,10.49,0.23,-0.85,0.84,22.68,3
-0.7,1.73,10.04,0.41,-0.61,0.61,22.67,3
0.05,4.69,13.19,0.36,-0.43,0.46,22.68,3
0.45,4.08,12.4,-0.31,0.46,-0.35,22.69,3
-0.43,2.2,10.6,-0.52,0.78,-0.92,22.68,3
-0.5,-0.66,8.42,-0.28,0.38,-0.8,22.69,3
-0.41,-0.94,8.79,-0.31,0.39,-1.05,22.67,3
-1.11,-1.36,8.34,-0.5,0.36,-0.68,22.67,3
-1.18,-2.5,7.42,-0.42,0.14,-0.29,22.67,3
-0.68,-3.2,7.57,-0.37,0.17,-0.43,22.67,3
0.36,-3.71,6.98,0.0,0.12,0.02,22.67,3
-0.98,-3.26,7.4,0.07,0.03,0.17,22.68,3
-1.0,-2.36,8.1,0.36,-0.13,0.39,22.67,3
-2.2,-1.07,8.83,0.04,-0.47,0.78,22.68,3
-1.89,-0.16,9.49,0.13,-0.66,0.79,22.69,3
-1.66,-0.19,9.09,0.05,-0.71,0.62,22.68,3
-0.98,-0.05,8.85,0.31,-0.58,0.45,22.68,3
-0.23,1.94,10.7,0.62,-0.58,0.6,22.67,3
0.08,3.68,12.08,0.25,-0.3,0.39,22.68,3
-0.13,3.41,11.26,-0.32,0.14,-0.23,22.69,3
-0.84,2.41,11.15,-0.27,0.49,-0.8,22.69,3
0.08,0.51,9.82,-0.58,0.36,-0.97,22.69,3
-0.06,-1.29,8.27,-0.53,0.33,-0.89,22.68,3
-0.01,-1.81,8.55,-0.51,0.41,-0.87,22.67,3
-0.1,-2.88,8.12,-0.33,0.32,-0.58,22.69,3
-0.32,-3.32,7.78,-0.06,0.16,-0.39,22.67,3
-1.16,-3.09,7.28,0.31,0.26,-0.24,22.69,3
-0.74,-3.62,7.18,0.01,0.05,0.14,22.67,3
-0.47,-4.16,5.84,0.14,0.12,0.24,22.67,3
-1.17,-3.07,6.4,0.52,-0.02,0.58,22.68,3
-2.17,-0.33,9.32,0.62,-0.39,0.92,22.68,3
-1.65,0.34,9.34,0.28,-0.84,0.9,22.69,3
0.22,-0.03,9.71,0.34,-0.62,0.72,22.69,3
0.44,2.41,10.68,0.66,-0.52,0.84,22.69,3
-1.27,5.38,12.82,0.16,-0.11,0.24,22.69,3
-0.32,3.64,11.24,-0.23,0.36,-0.3,22.69,3
-0.93,2.28,10.08,-0.45,0.4,-0.82,22.67,3
-0.22,0.32,9.59,-0.45,0.34,-0.9,22.69,3
-0.51,-1.68,8.08,-0.35,0.27,-0.78,22.68,3
-1.29,-1.32,8.45,-0.4,0.3,-0.57,22.67,3
-0.85,-2.14,7.71,-0.62,0.02,-0.35,22.67,3
-0.35,-3.53,6.89,-0.28,0.04,-0.61,22.67,3
0.27,-3.4,7.77,0.16,0.09,0.09,22.67,3
-0.61,-4.27,6.41,-0.01,-0.04,0.45,22.68,3
-0.9,-2.47,7.71,0.25,-0.06,0.65,22.67,3
-1.94,-1.54,8.64,0.07,-0.23,0.69,22.67,3
-2.2,-1.47,7.95,-0.07,-0.66,0.68,22.67,3
-0.55,-0.92,8.3,0.39,-0.75,0.8,22.68,3
0.05,1.5,10.47,0.61,-0.89,0.98,22.67,3
-0.79,4.83,13.47,0.36,-0.21,0.38,22.69,3
-0.54,3.46,11.18,-0.23,0.29,-0.32,22.68,3
-0.96,1.81,10.51,-0.33,0.48,-0.74,22.68,3
-0.72,0.08,9.79,-0.27,0.48,-0.95,22.68,3
-1.04,-0.7,8.92,-0.38,0.24,-0.77,22.68,3
-1.18,-1.04,8.81,-0.46,0.27,-0.8,22.67,3
-1.13,-2.85,7.25,-0.64,0.12,-0.65,22.67,3
-0.31,-3.73,6.92,-0.22,0.08,-0.5,22.67,3
-0.04,-3.51,6.97,0.27,0.09,-0.04,22.68,3
-0.64,-3.95,6.72,0.15,-0.04,0.23,22.67,3
-0.87,-3.6,6.42,0.4,-0.19,0.38,22.67,3
-1.31,-1.3,8.93,0.47,-0.21,0.64,22.68,3
-1.28,-0.4,9.2,0.34,-0.33,0.77,22.67,3
-1.33,0.26,8.78,0.46,-0.38,0.63,22.67,3
-0.65,1.74,10.53,0.52,-0.67,0.69,22.68,3
-0.25,3.2,11.08,0.47,-0.53,0.54,22.67,3
-0.76,4.88,12.59,-0.16,0.03,0.04,22.68,3
-1.14,3.16,10.68,-0.18,0.57,-0.6,22.69,3
-0.83,0.61,8.86,-0.2,0.41,-0.88,22.69,3
-0.55,0.19,9.82,-0.54,0.18,-0.81,22.68,3
-0.7,-1.15,8.02,-0.64,0.44,-0.93,22.68,3
-0.39,-3.01,7.39,-0.58,0.24,-0.64,22.67,3
-0.18,-3.99,6.43,-0.06,0.17,-0.32,22.67,3
-0.37,-2.95,7.08,0.22,0.01,-0.15,22.67,3
-0.9,-2.76,8.0,-0.01,-0.07,0.14,22.66,3
0.31,-4.15,6.43,0.05,-0.02,0.44,22.67,3
-1.18,-2.18,7.88,0.39,0.08,0.63,22.68,3
-1.85,-1.16,8.44,0.32,-0.2,0.81,22.68,3
-1.76,0.63,9.44,0.51,-0.31,0.77,22.68,3
-1.33,1.26,10.04,0.47,-0.32,0.66,22.68,3
-1.3,2.56,10.67,0.41,-0.57,0.68,22.69,3
-0.09,4.26,12.19,0.21,-0.23,0.3,22.68,3
-0.78,3.62,11.68,-0.43,0.21,-0.28,22.68,3
-1.22,1.78,10.08,-0.42,0.58,-0.63,22.67,3
-1.24,0.22,9.18,-0.58,0.59,-0.76,22.69,3
-1.86,-1.33,8.11,-0.44,0.34,-0.74,22.67,3
-1.84,-1.74,7.52,-0.25,0.12,-0.66,22.67,3
-1.99,-1.41,7.95,-0.34,-0.16,-0.59,22.68,3
-0.39,-3.34,7.58,-0.19,-0.03,-0.6,22.67,3
0.14,-3.92,7.15,0.36,0.15,-0.02,22.68,3
-1.38,-3.54,7.15,-0.01,-0.03,0.36,22.68,3
-0.72,-3.46,6.76,0.15,-0.09,0.57,22.68,3
-1.61,-1.47,7.67,0.28,-0.22,0.68,22.68,3
-0.88,-0.53,9.11,0.13,-0.37,0.72,22.67,3
-1.6,-0.06,9.2,0.14,-0.65,0.87,22.68,3
-1.02,0.7,9.94,0.26,-0.56,0.82,22.68,3
-1.05,2.76,11.37,0.41,-0.39,0.83,22.68,3
-0.96,3.07,12.17,-0.02,0.01,0.03,22.68,3
-0.95,2.13,10.75,0.06,0.41,-0.29,22.69,3
-1.47,1.33,9.7,-0.19,0.42,-0.69,22.68,3
-1.12,-0.29,8.61,-0.48,0.15,-0.81,22.68,3
-0.16,-1.22,8.66,-0.36,0.1,-0.66,22.67,3
-0.26,-2.23,8.32,-0.24,0.38,-0.81,22.68,3
-1.93,-1.65,8.7,-0.01,0.17,-0.55,22.68,3
0.54,-3.21,6.59,-0.27,-0.04,-0.53,22.67,3
-0.52,-2.64,7.69,0.29,0.01,-0.06,22.67,3
-0.91,-3.5,7.3,-0.0,0.11,0.21,22.66,3
-1.27,-2.23,7.72,0.33,0.0,0.34,22.67,3
-1.38,-0.85,9.37,0.23,-0.19,0.44,22.67,3
-1.46,-0.27,9.12,0.3,-0.41,0.57,22.67,3
-1.4,0.03,8.86,0.22,-0.44,0.43,22.67,3
-1.12,1.16,10.1,0.38,-0.67,0.66,22.68,3
-0.73,3.32,11.88,0.49,-0.37,0.59,22.68,3
-1.16,4.25,12.4,-0.19,0.08,-0.0,22.68,3
-1.63,2.72,10.88,-0.3,0.4,-0.41,22.67,3
-0.71,0.29,9.16,-0.55,0.55,-0.95,22.68,3
-1.14,-0.93,9.08,-0.25,0.26,-0.61,22.67,3
-1.58,-0.99,8.64,-0.26,0.11,-0.44,22.67,3
-1.5,-2.08,8.46,-0.53,0.12,-0.69,22.66,3
-0.49,-3.67,6.9,-0.24,0.15,-0.54,22.66,3
0.46,-3.75,6.71,-0.24,0.16,-0.18,22.67,3
-0.67,-3.8,6.82,0.27,-0.03,0.14,22.67,3
-0.26,-3.44,6.99,0.26,-0.16,0.55,22.68,3
-1.79,-1.21,9.14,0.11,-0.36,0.85,22.67,3
-2.01,-0.44,9.36,0.14,-0.54,0.83,22.67,3
-1.32,-0.11,8.83,0.1,-0.68,0.84,22.68,3
-0.87,0.27,9.52,0.42,-0.53,0.73,22.68,3
-1.08,2.03,10.67,0.52,-0.41,0.63,22.67,3
-1.52,3.92,12.26,0.14,-0.08,0.26,22.68,3
-1.62,3.22,11.53,-0.24,0.31,-0.3,22.68,3
-1.83,1.61,10.03,-0.33,0.5,-0.92,22.68,3
-1.06,-0.43,8.79,-0.29,0.29,-0.85,22.69,3
-0.92,-1.56,8.25,-0.43,0.23,-0.72,22.68,3
-1.81,-2.21,7.55,-0.32,0.17,-0.67,22.68,3
-1.33,-3.2,7.11,-0.24,-0.0,-0.49,22.67,3
-0.18,-3.74,6.47,0.05,0.04,-0.43,22.67,3
-0.7,-3.24,7.33,-0.03,0.03,0.14,22.67,3
-0.18,-3.85,7.1,0.02,-0.05,0.57,22.68,3
-2.2,-1.87,7.92,0.16,-0.14,0.88,22.67,3
-1.78,-1.26,9.14,0.13,-0.51,1.01,22.67,3
-1.93,-0.41,8.91,0.02,-0.85,1.02,22.67,3
-0.99,-0.4,9.02,0.2,-0.74,0.58,22.67,3
0.0,0.87,10.28,0.41,-0.68,0.62,22.69,3
-0.99,3.83,12.76,0.35,-0.26,0.4,22.69,3
-0.87,3.33,11.83,-0.25,0.33,-0.32,22.68,3
-1.51,1.81,10.39,-0.26,0.5,-0.94,22.68,3
-0.81,-0.19,9.52,-0.27,0.53,-1.23,22.68,3
-0.05,-1.18,9.11,-0.43,0.29,-0.95,22.68,3
-0.53,-2.29,7.95,-0.61,0.16,-0.68,22.68,3
-0.83,-3.26,7.66,-0.2,0.21,-0.68,22.68,3
-0.99,-3.45,6.98,-0.26,0.29,-0.53,22.68,3
-0.6,-4.24,6.02,0.11,0.15,-0.24,22.66,3
-1.62,-4.37,6.95,0.12,0.04,0.13,22.67,3
-1.04,-3.89,6.83,0.16,-0.11,0.38,22.68,3
-1.25,-2.93,7.39,0.33,-0.11,0.56,22.67,3
-2.04,-0.82,9.12,0.3,-0.45,1.05,22.67,3
-2.03,0.2,9.4,0.25,-0.58,1.02,22.68,3
-1.8,0.41,10.37,0.31,-0.53,0.83,22.67,3
-0.83,1.15,10.42,0.33,-0.51,0.84,22.67,3
-1.39,2.66,11.26,0.25,-0.23,0.54,22.68,3
-1.93,3.44,11.43,-0.27,0.1,-0.14,22.69,3
-1.68,1.58,9.98,-0.32,0.41,-0.69,22.68,3
-0.97,0.09,9.28,-0.25,0.32,-0.97,22.68,3
-0.55,-0.98,9.03,-0.2,0.18,-0.89,22.68,3
-0.99,-1.86,8.46,-0.2,0.28,-0.78,22.67,3
-1.79,-2.33,8.24,-0.03,0.18,-0.62,22.68,3
-0.93,-2.63,8.15,-0.09,0.15,-0.69,22.67,3
0.65,-3.7,6.52,0.17,0.04,-0.23,22.66,3
-1.4,-3.69,7.05,0.15,0.11,0.21,22.66,3
-1.18,-3.48,6.85,0.42,0.06,0.71,22.67,3
-1.46,-1.06,8.43,0.56,-0.0,0.94,22.68,3
-1.83,0.08,8.99,0.44,-0.12,0.84,22.67,3
-2.26,0.5,8.36,-0.0,-0.38,0.72,22.67,3
-1.75,1.49,9.54,0.26,-0.69,0.76,22.67,3
-1.56,3.96,12.75,0.63,-0.38,0.76,22.67,3
-2.0,4.61,11.45,-0.17,0.09,0.1,22.67,3
-1.89,2.85,9.98,-0.29,0.27,-0.52,22.68,3
-1.65,1.47,9.78,-0.34,0.19,-0.99,22.68,3
-0.9,-0.27,8.87,-0.13,0.16,-0.97,22.68,3
-0.29,-0.96,8.81,-0.35,0.23,-1.0,22.68,3
-0.23,-1.87,8.42,-0.18,0.3,-0.7,22.67,3
-1.7,-1.42,8.73,-0.28,0.26,-0.64,22.67,3
-0.64,-2.93,7.28,-0.17,0.03,-0.62,22.68,3
-0.22,-4.28,6.49,-0.16,-0.12,-0.05,22.67,3
-0.62,-3.67,7.72,0.07,-0.12,0.46,22.67,3
-0.98,-2.6,7.83,0.31,-0.14,0.84,22.67,3
-1.41,-1.34,8.55,0.23,-0.13,0.82,22.67,3
-1.74,-1.05,8.64,0.1,-0.39,0.85,22.67,3
-1.24,-0.13,9.13,0.13,-0.38,0.8,22.67,3
-1.5,0.42,8.78,0.18,-0.37,0.71,22.67,3
-1.92,2.11,9.7,0.38,-0.36,0.58,22.68,3
-1.92,4.17,11.66,0.22,-0.33,0.48,22.68,3
-1.57,3.88,11.34,-0.24,0.11,-0.2,22.68,3
-1.39,2.22,9.82,-0.21,0.44,-0.56,22.68,3
-1.69,0.59,9.3,-0.44,0.29,-0.79,22.67,3
-1.22,-0.88,8.45,-0.2,0.24,-0.77,22.67,3
-1.29,-0.42,9.02,-0.07,0.27,-0.78,22.67,3
-1.17,-1.71,7.91,-0.21,0.28,-0.34,22.67,3
-2.33,-1.49,8.39,-0.1,0.18,-0.5,22.67,3
-1.07,-3.46,6.45,-0.19,-0.14,-0.28,22.66,3
-1.79,-2.32,8.05,0.12,-0.07,0.16,22.66,3
-0.77,-3.63,6.68,0.16,-0.13,0.48,22.65,3
-2.15,-1.97,7.08,0.47,-0.02,0.65,22.66,3
-2.88,0.08,8.74,0.27,-0.31,0.69,22.67,3
-2.65,1.41,10.16,0.08,-0.58,0.85,22.66,3
-1.28,0.05,8.72,0.03,-0.47,0.61,22.66,3
-1.38,2.5,10.33,0.55,-0.63,0.89,22.67,3
-1.91,5.12,12.96,0.12,-0.2,0.29,22.67,3
-1.37,3.46,10.94,-0.29,0.1,-0.26,22.67,3
-1.77,1.85,9.74,-0.42,0.37,-0.89,22.67,3
-0.95,-0.47,8.95,-0.2,0.15,-0.71,22.66,3
-1.38,-0.47,8.74,-0.21,0.21,-0.8,22.66,3
-1.59,-0.97,8.93,-0.27,0.25,-0.65,22.67,3
-2.22,-1.66,7.13,-0.24,0.14,-0.5,22.67,3
-1.61,-2.24,7.6,-0.21,0.08,-0.44,22.66,3
-0.09,-3.78,6.81,0.15,0.18,-0.1,22.66,3
-1.59,-3.16,7.53,-0.04,0.09,0.17,22.66,3
-1.39,-3.2,6.51,0.0,-0.01,0.44,22.66,3
-2.76,-2.22,7.04,0.1,-0.16,0.65,22.66,3
-2.42,-1.75,8.33,0.14,-0.42,0.59,22.67,3
-2.35,-0.93,8.32,0.14,-0.45,0.59,22.67,3
-0.69,-0.4,8.52,0.49,-0.35,0.59,22.66,3
-1.27,1.85,10.52,0.26,-0.49,0.61,22.67,3
-1.79,4.61,12.47,0.15,-0.11,0.18,22.67,3
-1.13,2.51,10.52,-0.12,0.3,-0.33,22.66,3
-1.6,1.73,10.4,-0.26,0.46,-0.55,22.66,3
-2.45,0.44,8.95,-0.15,0.48,-0.81,22.66,3
-1.44,-1.37,7.92,-0.27,0.29,-0.68,22.65,3
-2.23,-1.45,7.57,-0.23,0.2,-0.56,22.67,3
-2.9,-1.54,7.95,-0.24,0.07,-0.27,22.67,3
-2.19,-2.18,8.12,-0.27,0.03,-0.36,22.66,3
-0.92,-3.84,6.71,0.39,-0.01,-0.18,22.66,3
-1.3,-3.05,7.33,-0.03,0.06,0.29,22.67,3
-2.01,-2.73,6.12,0.52,-0.12,0.66,22.66,3
-2.89,-0.21,8.81,0.31,-0.06,0.56,22.66,3
-3.21,0.64,8.72,0.08,-0.15,0.43,22.66,3
-3.38,1.02,9.41,-0.02,-0.38,0.32,22.65,3
-2.27,0.5,9.48,0.04,-0.66,0.66,22.66,3
-2.64,2.77,10.87,0.37,-0.61,0.64,22.65,3
-2.09,3.9,11.88,0.0,0.02,-0.0,22.66,3
-2.43,2.59,10.13,-0.23,0.3,-0.32,22.65,3
-2.45,1.22,9.59,-0.09,0.29,-0.62,22.67,3
-1.99,0.16,9.23,-0.34,0.18,-0.66,22.66,3
-1.78,-0.64,9.04,-0.38,0.2,-0.61,22.65,3
-2.01,-1.3,7.69,-0.17,0.17,-0.68,22.65,3
-2.4,-1.68,7.87,-0.2,0.15,-0.59,22.65,3
-1.36,-3.14,7.35,-0.22,0.06,-0.57,22.65,3
-1.58,-3.34,6.75,0.23,0.13,-0.06,22.65,3
-1.21,-4.2,6.44,-0.16,0.06,0.28,22.65,3
-1.71,-3.09,6.43,0.12,0.03,0.43,22.66,3
-2.6,-1.75,8.52,-0.02,-0.48,0.86,22.65,3
-2.06,-0.87,8.93,0.19,-0.54,0.88,22.65,3
-1.93,0.09,9.04,0.21,-0.64,0.8,22.66,3
-1.84,1.5,10.14,0.43,-0.67,0.77,22.66,3
-2.11,3.74,11.98,0.4,-0.45,0.49,22.66,3
-1.28,3.39,11.62,-0.16,0.17,-0.15,22.66,3
-1.92,2.11,10.03,-0.16,0.58,-0.57,22.66,3
-2.59,1.45,9.9,-0.06,0.42,-0.8,22.65,3
-1.16,0.35,9.22,-0.33,0.37,-0.98,22.65,3
-0.86,-1.84,7.59,-0.45,0.4,-0.91,22.64,3
-1.42,-2.15,7.89,-0.29,0.39,-0.7,22.65,3
-1.84,-2.64,7.53,-0.33,0.13,-0.65,22.64,3
-1.03,-4.39,6.09,0.05,-0.02,-0.22,22.64,3
-2.13,-3.81,6.96,-0.05,0.07,0.14,22.64,3
-1.89,-4.02,6.25,0.15,0.19,0.35,22.65,3
-3.41,-1.95,7.91,0.22,-0.03,0.61,22.65,3
-3.61,-0.4,8.63,0.45,-0.09,0.77,22.65,3
-2.52,-0.34,8.15,0.26,-0.48,0.61,22.64,3
-1.44,0.5,9.27,0.15,-1.05,0.85,22.65,3
-1.36,3.37,11.41,0.41,-0.8,0.81,22.64,3
-1.68,4.49,12.6,0.03,-0.09,0.08,22.65,3
-1.77,3.09,10.56,-0.25,0.33,-0.5,22.65,3
-1.2,1.49,10.29,-0.22,0.44,-0.9,22.65,3
-1.42,-0.06,9.28,-0.06,0.58,-1.11,22.65,3
-1.13,-1.31,8.59,-0.23,0.39,-0.96,22.64,3
-0.45,-1.27,8.65,-0.13,0.4,-0.67,22.64,3
-1.72,-2.0,7.74,-0.44,0.38,-0.69,22.64,3
-0.74,-5.66,4.92,0.15,0.0,-0.31,22.64,3
-1.34,-3.65,7.71,0.02,0.13,0.24,22.64,3
-1.98,-4.29,6.08,0.08,-0.03,0.62,22.64,3
-1.61,-1.49,8.55,0.45,-0.28,0.77,22.65,3
-2.03,1.04,10.04,0.22,-0.21,0.76,22.64,3
-2.82,1.67,9.72,0.13,-0.35,0.62,22.64,3
-2.97,1.58,9.88,0.14,-0.64,0.6,22.65,3
-2.6,2.53,10.79,0.3,-0.59,0.64,22.65,3
-2.37,3.77,11.86,0.05,-0.05,0.09,22.65,3
-1.57,2.43,10.58,-0.15,0.23,-0.32,22.66,3
-2.23,1.56,9.64,-0.18,0.38,-0.78,22.64,3
-2.06,-0.05,8.92,-0.08,0.34,-0.86,22.65,3
-2.08,-0.91,8.64,-0.03,0.27,-0.85,22.63,3
-2.29,-1.17,8.32,-0.21,0.22,-0.68,22.64,3
-2.14,-1.72,7.59,-0.37,0.08,-0.56,22.63,3
-1.91,-2.48,7.04,-0.19,0.03,-0.45,22.63,3
-1.21,-3.59,7.21,-0.07,0.19,0.19,22.64,3
-2.44,-3.93,5.74,0.26,0.13,0.55,22.64,3
-3.15,-2.13,6.99,0.56,-0.02,0.56,22.64,3
-3.32,-0.56,7.97,0.3,-0.24,0.49,22.66,3
-3.17,1.27,9.92,0.16,-0.73,0.67,22.64,3
-3.62,2.08,10.33,0.4,-0.6,0.73,22.64,3
-3.37,4.7,12.67,0.23,-0.18,0.27,22.65,3
-2.55,2.43,10.3,-0.06,0.18,-0.08,22.65,3
-2.9,2.03,9.83,-0.16,0.32,-0.51,22.64,3
-3.05,0.81,9.69,-0.18,0.16,-0.62,22.64,3
-2.14,-0.46,8.9,-0.29,0.43,-0.81,22.65,3
-2.32,-1.46,7.7,-0.39,0.3,-0.7,22.65,3
-2.53,-2.36,6.92,-0.19,0.25,-0.65,22.63,3
-2.37,-3.37,6.61,-0.04,0.01,-0.36,22.64,3
-1.49,-3.68,6.64,0.05,-0.07,0.11,22.65,3
-1.73,-3.74,6.39,0.19,0.04,0.47,22.64,3
-3.5,-1.63,7.2,0.37,-0.07,0.69,22.64,3
-3.77,-0.5,8.39,0.35,-0.29,0.72,22.64,3
-3.4,0.47,8.76,0.31,-0.42,0.52,22.64,3
-1.85,0.35,8.28,0.25,-0.5,0.59,22.64,3
-3.54,3.3,10.33,0.47,-0.58,0.73,22.64,3
-1.99,4.46,12.11,0.08,-0.37,0.26,22.64,3
-2.21,4.25,11.5,-0.31,0.01,-0.11,22.64,3
-1.73,2.43,10.21,-0.45,0.21,-0.48,22.64,3
-1.75,0.33,8.95,-0.29,0.47,-0.76,22.64,3
-2.53,-0.55,8.23,-0.43,0.17,-0.7,22.64,3
-2.49,-1.42,7.46,-0.49,0.06,-0.55,22.64,3
-2.55,-2.23,7.32,-0.38,0.04,-0.48,22.63,3
-1.66,-2.85,7.41,-0.55,0.12,-0.56,22.63,3
-1.36,-4.46,6.46,-0.07,0.05,-0.19,22.63,3
-1.69,-4.06,7.01,0.21,0.02,0.24,22.64,3
-2.46,-2.78,6.79,0.52,-0.02,0.64,22.64,3
-2.79,-1.31,7.73,0.42,-0.2,0.67,22.64,3
-2.87,0.19,9.57,0.54,-0.16,0.55,22.64,3
-2.34,0.22,9.02,0.19,-0.44,0.58,22.65,3
-1.99,1.07,9.69,0.4,-0.37,0.51,22.64,3
-2.88,3.49,11.58,0.29,-0.5,0.67,22.64,3
-2.55,4.08,11.75,-0.06,-0.02,-0.04,22.65,3
-2.18,2.52,10.14,-0.23,0.12,-0.28,22.64,3
-2.3,1.42,10.02,-0.43,0.15,-0.67,22.65,3
-1.36,-0.37,9.4,-0.33,0.47,-0.93,22.65,3
-1.78,-0.93,8.9,-0.43,0.44,-0.77,22.64,3
-2.05,-1.75,7.63,-0.3,0.38,-0.7,22.64,3
-1.95,-2.68,6.83,-0.32,0.05,-0.55,22.64,3
-1.68,-3.52,7.17,0.05,0.07,-0.19,22.63,3
-1.71,-4.21,6.69,-0.03,0.01,0.22,22.63,3
-1.42,-4.06,5.68,0.19,-0.03,0.55,22.64,3
-2.6,-2.34,6.89,0.29,-0.24,0.79,22.64,3
-2.11,-1.12,8.53,0.2,-0.68,0.94,22.63,3
-1.64,0.46,8.62,0.43,-0.57,0.85,22.64,3
-1.44,2.11,10.42,0.32,-0.69,0.74,22.65,3
-0.89,3.41,11.21,0.34,-0.45,0.6,22.65,3
-1.47,4.07,11.54,-0.17,0.01,-0.12,22.65,3
-1.23,2.71,10.36,-0.28,0.34,-0.55,22.65,3
-0.91,1.28,10.06,-0.31,0.55,-1.13,22.65,3
-1.07,-0.47,9.37,-0.26,0.64,-1.03,22.63,3
-2.02,-1.53,8.9,-0.31,0.64,-0.78,22.63,3
-2.16,-2.09,7.77,-0.26,0.55,-0.68,22.63,3
-2.99,-3.22,6.31,-0.34,0.25,-0.46,22.62,3
-2.14,-4.17,5.48,0.14,0.04,-0.08,22.63,3
-2.68,-3.82,6.63,0.1,-0.12,0.24,22.63,3
-2.37,-3.1,6.72,0.44,-0.18,0.56,22.64,3
-2.93,-1.82,8.0,0.38,-0.41,0.82,22.64,3
-2.37,-0.4,9.09,0.15,-0.59,0.93,22.64,3
-2.15,0.58,9.0,0.27,-0.84,1.0,22.64,3
-1.41,2.19,11.11,0.32,-0.76,0.84,22.64,3
-2.49,4.78,11.68,0.16,-0.28,0.39,22.65,3
-1.58,2.98,10.91,-0.3,0.2,-0.44,22.64,3
-1.93,1.4,9.78,-0.29,0.38,-0.72,22.65,3
-1.44,0.17,9.74,-0.34,0.43,-0.93,22.64,3
-1.75,-1.16,8.48,-0.16,0.48,-0.79,22.64,3
-2.27,-1.28,8.11,-0.27,0.42,-0.43,22.63,3
-3.59,-0.73,8.26,-0.01,0.32,-0.76,22.63,3
-2.04,-2.69,6.96,-0.27,0.23,-0.86,22.62,3
-0.13,-5.14,5.6,0.16,0.04,-0.12,22.63,3
-2.38,-3.46,6.58,0.02,-0.1,0.43,22.63,3
-2.22,-2.73,7.38,0.08,-0.22,0.71,22.64,3
-3.16,-1.03,8.37,0.18,-0.39,0.96,22.64,3
-4.08,0.51,8.72,0.04,-0.69,1.1,22.64,3
-2.71,0.49,8.95,-0.02,-0.8,0.81,22.64,3
-1.8,1.16,9.57,0.28,-0.86,0.74,22.64,3
-1.36,3.22,11.43,0.36,-0.58,0.54,22.64,3
-1.46,3.7,11.63,-0.09,0.04,-0.04,22.64,3
-1.71,3.13,10.54,-0.33,0.4,-0.48,22.65,3
-2.33,1.76,9.22,-0.23,0.5,-1.04,22.64,3
-1.49,-0.22,8.68,-0.27,0.29,-1.18,22.64,3
-1.24,-2.01,8.36,-0.32,0.42,-1.04,22.63,3
-2.56,-2.16,7.82,-0.1,0.33,-0.71,22.63,3
-1.22,-3.7,6.74,-0.31,0.09,-0.49,22.64,3
-1.7,-3.3,7.17,0.18,0.18,-0.24,22.62,3
-1.63,-3.8,6.42,-0.08,0.13,0.15,22.64,3
-1.21,-3.97,5.82,0.24,0.24,0.42,22.63,3
-3.25,-2.73,6.87,0.05,-0.25,0.96,22.62,3
-3.82,-0.8,7.77,0.0,-0.73,1.1,22.63,3
-2.35,0.6,8.55,0.55,-0.7,1.03,22.63,3
-1.36,1.69,10.55,0.43,-0.69,1.05,22.64,3
-1.9,3.37,10.68,0.27,-0.42,0.72,22.64,3
-1.98,4.39,10.96,-0.05,-0.0,0.12,22.64,3
-2.02,3.58,10.56,-0.4,0.11,-0.39,22.64,3
-2.17,2.09,9.69,-0.43,0.41,-1.0,22.63,3
-1.39,0.06,9.61,-0.43,0.25,-1.08,22.63,3
-1.3,-2.26,8.73,-0.18,0.35,-0.86,22.62,3
-1.71,-1.76,9.11,-0.11,0.48,-0.82,22.62,3
-1.73,-2.05,7.92,-0.37,0.1,-0.47,22.62,3
-0.84,-4.11,5.7,-0.15,0.06,-0.41,22.63,3
-1.15,-4.19,6.42,0.35,0.06,0.2,22.63,3
-1.47,-3.57,6.89,0.17,-0.15,0.69,22.62,3
-2.11,-1.97,8.1,0.1,-0.36,0.73,22.62,3
-1.89,-1.16,8.52,-0.23,-0.48,0.7,22.62,3
-1.8,-0.4,9.0,0.02,-0.73,0.95,22.63,3
-0.75,-0.25,9.56,0.06,-0.52,0.56,22.62,3
-1.09,1.18,11.33,0.32,-0.56,0.73,22.62,3
-1.82,3.54,12.64,0.08,-0.14,0.24,22.63,3
-1.05,1.64,10.84,-0.26,0.24,-0.32,22.63,3
-1.6,0.71,10.4,-0.23,0.66,-0.85,22.64,3
-1.71,-0.21,9.65,-0.19,0.67,-1.01,22.63,3
-1.84,-1.12,8.91,-0.15,0.57,-1.06,22.63,3
-1.44,-2.31,8.14,-0.24,0.54,-0.96,22.62,3
-2.02,-2.75,7.49,-0.28,0.24,-0.65,22.62,3
-2.13,-4.02,6.19,0.05,0.25,-0.49,22.62,3
-1.01,-4.42,6.28,-0.1,-0.09,0.02,22.62,3
-0.62,-5.0,5.66,0.14,0.04,0.42,22.62,3
-1.79,-2.93,7.28,0.02,-0.28,0.84,22.62,3
-2.95,-1.93,7.93,0.1,-0.55,0.93,22.63,3
-3.03,-1.27,8.34,0.26,-0.72,0.77,22.64,3
-2.23,-0.71,9.84,0.3,-0.78,0.78,22.64,3
-1.77,0.68,10.24,0.18,-0.58,0.6,22.63,3
-1.41,2.17,11.27,0.22,-0.27,0.4,22.63,3
-1.72,1.99,10.99,-0.24,0.07,-0.13,22.63,3
-2.18,1.33,10.46,-0.14,0.4,-0.37,22.63,3
-1.06,-0.34,9.34,-0.05,0.43,-0.71,22.62,3
-0.72,-2.21,8.65,-0.07,0.3,-0.65,22.62,3
-2.22,-1.93,9.25,-0.02,0.43,-0.65,22.62,3
-1.94,-1.83,8.16,-0.2,0.26,-0.45,22.6,3
-1.5,-3.0,6.63,-0.52,0.07,-0.52,22.6,3
-0.82,-4.8,5.55,0.04,0.02,-0.11,22.61,3
-1.12,-4.38,6.25,0.05,0.1,0.21,22.62,3
-1.83,-3.01,6.85,0.23,-0.28,0.67,22.62,3
-2.96,-1.3,8.8,0.06,-0.54,0.96,22.62,3
-1.73,-1.57,8.07,-0.05,-0.96,0.91,22.62,3
-1.5,0.38,10.15,0.18,-1.15,1.05,22.63,3
-1.7,3.07,11.97,0.47,-0.34,0.62,22.63,3
-1.8,2.93,11.18,-0.22,0.08,-0.08,22.62,3
-1.81,1.59,10.64,-0.3,0.34,-0.51,22.63,3
-1.38,-0.24,9.75,-0.35,0.54,-0.92,22.62,3
-1.58,-1.62,8.7,-0.18,0.47,-0.7,22.62,3
-2.15,-1.87,8.83,-0.24,0.35,-0.55,22.61,3
-2.1,-2.2,7.06,-0.19,0.36,-0.79,22.62,3
-0.89,-3.53,6.45,-0.24,-0.05,-0.49,22.61,3
-0.81,-5.03,5.94,0.07,0.04,-0.07,22.61,3
-1.02,-4.75,6.51,0.08,0.05,0.5,22.61,3
-2.3,-2.27,7.25,0.0,-0.21,0.75,22.61,3
-3.0,-1.45,8.28,0.16,-0.61,1.05,22.61,3
-3.23,-0.51,9.02,-0.01,-0.84,0.85,22.61,3
-1.91,-0.37,9.67,0.29,-0.65,0.67,22.63,3
-1.87,1.2,10.11,0.41,-0.71,0.72,22.63,3
-1.62,2.67,11.86,0.27,-0.52,0.48,22.63,3
-1.83,2.98,11.49,-0.26,0.1,-0.12,22.62,3
-2.21,1.75,10.56,-0.2,0.31,-0.41,22.62,3
-0.82,-0.74,9.15,-0.21,0.33,-0.77,22.62,3
-0.87,-2.18,7.81,-0.13,0.36,-0.65,22.62,3
-1.1,-2.42,8.35,-0.04,0.32,-0.52,22.62,3
-2.54,-1.97,7.92,-0.19,0.05,-0.52,22.62,3
-1.36,-3.24,7.04,-0.31,0.04,-0.54,22.62,3
0.7,-5.52,4.89,-0.21,0.03,-0.19,22.62,3
-1.13,-4.08,6.68,0.32,0.08,0.58,22.62,3
-2.04,-2.36,7.82,0.17,-0.3,0.96,22.62,3
-2.49,-0.78,8.57,0.26,-0.44,0.94,22.62,3
-2.71,0.12,9.16,0.12,-0.78,0.75,22.63,3
-1.59,0.13,10.18,0.23,-0.87,0.66,22.63,3
-0.57,0.8,10.02,0.41,-0.54,0.53,22.63,3
-0.17,3.0,11.86,0.05,-0.18,0.28,22.63,3
-1.12,2.54,11.13,-0.26,0.23,-0.2,22.63,3
-1.41,1.04,10.41,-0.2,0.55,-0.58,22.62,3
-1.29,-0.43,9.41,-0.23,0.59,-0.9,22.63,3
-1.03,-1.22,8.67,-0.19,0.45,-0.89,22.63,3
-1.57,-1.63,8.66,-0.35,0.24,-0.77,22.63,3
-1.43,-3.29,7.34,-0.56,0.21,-0.66,22.62,3
0.15,-5.01,5.34,-0.26,-0.02,-0.35,22.62,3
-0.56,-4.45,6.2,0.26,0.17,0.11,22.62,3
-0.76,-4.3,6.24,0.33,0.04,0.54,22.62,3
-2.24,-1.84,8.44,0.16,-0.52,1.02,22.62,3
-2.55,-1.02,9.12,0.1,-0.83,0.97,22.62,3
-2.2,-0.17,9.58,0.2,-0.92,0.73,22.62,3
-0.85,1.03,10.5,0.37,-0.75,0.65,22.62,3
-0.92,2.76,12.02,0.2,-0.33,0.4,22.62,3
-0.85,2.12,11.22,-0.13,0.25,-0.07,22.62,3
-2.18,1.66,10.73,-0.23,0.49,-0.48,22.62,3
-0.86,-0.61,9.09,-0.2,0.61,-0.87,22.62,3
-1.63,-1.38,9.0,-0.28,0.42,-0.84,22.61,3
-1.84,-2.58,7.75,-0.39,0.48,-0.79,22.61,3
-1.99,-3.01,7.23,-0.19,0.21,-0.58,22.62,3
-1.18,-4.44,5.84,-0.19,0.01,-0.4,22.62,3
-1.09,-3.68,6.96,0.26,0.01,-0.04,22.61,3
-0.51,-4.46,6.48,0.17,0.04,0.28,22.62,3
-1.67,-3.15,6.85,0.26,0.07,0.53,22.62,3
-3.11,-1.92,7.36,0.26,-0.39,0.96,22.62,3
-2.92,-0.64,8.56,0.32,-0.6,0.71,22.62,3
-1.24,-0.39,9.07,0.32,-0.63,0.54,22.62,3
-1.21,1.61,10.59,0.38,-0.68,0.78,22.63,3
-1.5,4.19,13.5,0.2,-0.27,0.37,22.62,3
-1.39,2.53,11.34,-0.34,0.33,-0.22,22.62,3
-1.54,1.18,9.93,-0.24,0.59,-0.56,22.62,3
-1.49,-0.51,8.65,-0.44,0.27,-0.72,22.62,3
-1.19,-1.04,9.44,-0.59,0.38,-1.09,22.62,3
-0.35,-2.8,7.64,-0.69,0.35,-0.86,22.62,3
-1.16,-3.36,6.38,-0.34,0.29,-0.69,22.61,3
-0.98,-4.18,6.45,0.02,0.13,-0.28,22.61,3
-1.39,-4.36,6.9,-0.06,-0.05,0.24,22.61,3
-0.99,-4.73,4.93,0.39,0.09,0.46,22.61,3
-2.85,-2.08,7.68,0.51,-0.13,0.53,22.62,3
-1.98,-2.02,8.4,0.09,-0.57,0.86,22.61,3
-1.24,-1.68,7.95,0.24,-0.72,1.02,22.61,3
-2.06,0.59,10.02,0.36,-0.52,0.87,22.61,3
-1.27,1.98,11.41,0.3,-0.39,0.51,22.61,3
-1.96,2.94,11.59,-0.12,0.12,-0.04,22.62,3
-1.47,1.26,10.28,-0.29,0.21,-0.36,22.61,3
-1.73,0.34,9.9,-0.16,0.3,-0.76,22.61,3
-1.59,-0.68,9.75,-0.24,0.4,-0.91,22.61,3
-1.59,-1.57,8.41,-0.37,0.52,-1.01,22.6,3
-2.04,-2.59,7.33,-0.34,0.48,-0.75,22.6,3
-1.61,-3.91,6.06,-0.32,0.18,-0.62,22.6,3
0.54,-4.71,5.94,-0.04,-0.06,-0.19,22.6,3
-1.04,-4.24,6.28,0.15,-0.11,0.34,22.6,3
-1.33,-3.35,6.9,0.33,-0.29,0.71,22.6,3
-2.54,-1.77,9.3,0.19,-0.45,0.86,22.62,3
-2.3,-1.16,8.84,0.3,-0.51,0.96,22.59,3
-1.8,-1.0,8.2,0.19,-0.61,0.75,22.6,3
-0.74,0.13,9.26,0.53,-0.62,0.71,22.62,3
-1.18,2.96,12.28,0.37,-0.37,0.52,22.61,3
-1.38,2.8,11.58,-0.34,0.06,-0.14,22.6,3
-2.27,1.74,10.75,-0.21,0.48,-0.5,22.61,3
-1.64,-0.42,8.72,-0.2,0.34,-0.74,22.6,3
-0.98,-1.19,8.33,-0.12,0.11,-0.68,22.6,3
-0.98,-1.67,9.12,-0.14,0.24,-0.71,22.61,3
-1.48,-1.92,8.89,-0.36,0.18,-0.55,22.6,3
-1.07,-3.51,6.04,-0.45,0.16,-0.58,22.59,3
-0.35,-3.5,6.78,0.12,0.08,-0.09,22.6,3
-0.67,-4.21,6.51,0.11,0.03,0.17,22.6,3
-1.56,-3.05,7.54,0.28,0.05,0.43,22.61,3
-3.14,-0.92,9.38,0.16,-0.36,0.83,22.6,3
-2.51,-0.67,8.84,0.21,-0.44,0.85,22.61,3
-2.09,0.25,9.22,0.14,-0.69,0.73,22.6,3
-2.95,1.89,11.11,0.34,-0.66,0.67,22.6,3
-2.34,3.69,12.91,0.01,-0.17,0.13,22.61,3
-1.77,1.99,10.47,-0.34,0.25,-0.29,22.6,3
-1.75,-0.92,9.21,-0.21,0.32,-0.86,22.61,3
-1.83,-2.07,8.36,-0.27,0.46,-0.7,22.61,3
-1.82,-2.17,7.64,-0.16,0.83,-1.06,22.6,3
-1.89,-2.78,7.77,-0.5,0.26,-0.9,22.6,3
-0.35,-5.02,6.15,-0.12,-0.09,-0.54,22.59,3
-0.8,-5.1,5.93,0.11,-0.08,0.1,22.6,3
-0.41,-4.48,6.68,-0.01,-0.55,0.67,22.6,3
-2.05,-2.89,7.69,0.2,-0.43,1.12,22.6,3
-1.93,-2.12,8.18,0.06,-0.64,1.08,22.6,3
-2.34,-1.04,8.6,0.1,-0.79,0.92,22.61,3
-1.67,-0.77,8.72,0.2,-1.02,0.65,22.6,3
0.01,0.39,10.49,0.54,-0.69,0.6,22.61,3
-0.85,3.56,13.7,0.12,-0.16,0.27,22.61,3
-0.56,1.78,11.05,-0.19,0.32,-0.24,22.6,3
-1.25,0.73,10.42,-0.35,0.49,-0.64,22.6,3
-1.18,-0.84,9.05,-0.36,0.55,-0.93,22.59,3
-1.07,-2.14,8.32,-0.29,0.4,-0.78,22.59,3
-1.55,-3.28,6.94,-0.24,0.49,-0.51,22.6,3
-1.91,-1.91,8.2,0.02,0.13,-0.59,22.59,3
-2.36,-2.66,7.47,-0.2,-0.02,-0.58,22.59,3
0.87,-4.96,6.48,-0.26,-0.15,-0.07,22.6,3
-0.07,-4.29,7.33,-0.15,0.12,0.49,22.6,3
-1.49,-4.0,6.43,0.04,-0.29,0.81,22.6,3
-1.89,-2.57,7.85,0.01,-0.38,0.76,22.61,3
-2.55,-1.27,8.27,0.09,-0.73,0.95,22.6,3
-1.87,-0.58,9.1,0.35,-0.8,0.73,22.61,3
-1.26,0.14,10.61,0.5,-0.48,0.41,22.59,3
-0.71,1.85,11.94,0.22,-0.23,0.3,22.6,3
-1.12,1.27,11.65,-0.04,0.1,-0.08,22.6,3
-1.23,1.16,9.99,-0.16,0.62,-0.48,22.6,3
-2.07,-0.37,9.2,-0.29,0.43,-0.83,22.59,3
-1.77,-1.44,9.05,-0.21,0.33,-0.82,22.59,3
-1.64,-1.83,8.3,-0.22,0.35,-0.83,22.61,3
-1.61,-2.57,7.84,-0.1,0.21,-0.63,22.59,3
-1.15,-3.75,7.01,-0.05,0.11,-0.47,22.59,3
-0.65,-3.7,6.67,0.18,0.02,0.08,22.59,3
-1.0,-3.55,7.05,0.16,0.06,0.35,22.59,3
-1.3,-3.08,7.02,0.28,0.08,0.48,22.58,3
-2.78,-1.08,8.54,0.28,-0.46,0.91,22.59,3
-2.17,-0.32,9.25,0.09,-0.71,0.8,22.59,3
-0.83,0.0,9.86,0.22,-0.64,0.72,22.59,3
